Number	Cell	Slice	Date	Sample	Mouse	Mouse date of birth	Mouse age	Mouse gender	Mouse genotype	Targeted layer	Inferred layer	Cre	Exon reads	Intron reads	Intergenic reads	Sequencing batch	Number of genes detected	RNA class	RNA type	RNA type confidence	RNA type top-3	ALM/VISp top-3	Length (bp)	Yield (pg/µl)	User	Hold Time (min)	Soma depth (µm)	Soma depth (4x)	Cortical thickness (4x)	Cortical thickness (µm)	Traced	Exclusion reasons	Pipette Resistance (MΩ)	Access Resistance (MΩ)	Seal Resistance (MΩ)	Recording Temperature (˚C)
1	20200403_sample_1	20200403_slice_1	2020-04-03	sample 1	mouse_KIYRP	2020-01-31	63	M	Sst-IRES-Cre/wt; Ai9/wt	5	5	SST+	1463503	538477	79750	12	9480	Sst	Sst Myh8_1	0.98	Sst Myh8_1 (98.4%)	Sst Chrna2 Glra3 (100.0%)	1949	191.26	Fede, Ray	8	721	0	0	1699			2.91	22.9	256.9	33-34
2	20200403_sample_2	20200403_slice_1	2020-04-03	sample 2	mouse_KIYRP	2020-01-31	63	M	Sst-IRES-Cre/wt; Ai9/wt	5	5	SST+	1360578	569326	72486	12	9363	Sst	Sst Hpse	0.97	Sst Hpse (97.3%)	Sst Hpse Cbln4 (100.0%)	2011	163.46	Fede, Ray	6	709	0	0	1699			30.7	11.3	145	33-34
3	20200403_sample_3	20200403_slice_1	2020-04-03	sample 3	mouse_KIYRP	2020-01-31	63	M	Sst-IRES-Cre/wt; Ai9/wt	5	5	SST+	1588966	250364	62128	12	9944	Sst	Sst Hpse	0.86	Sst Hpse (86.1%), Sst Htr1a (12.4%)	Sst Hpse Cbln4 (90.0%), Sst Hpse Sema3c (10.0%)	1833	246.54	Fede, Ray	6	632	0	0	1699			3.07	26.5	266.5	33-34
4	20200403_sample_4	20200403_slice_1	2020-04-03	sample 4	mouse_KIYRP	2020-01-31	63	M	Sst-IRES-Cre/wt; Ai9/wt	5	5	SST+	700843	819187	78520	12	9066	Pvalb	Pvalb Calb1_1	0.80	Pvalb Calb1_1 (80.4%), Sst Crhr2_1 (8.3%), Pvalb Kank4 (4.7%)	Pvalb Th Sst (65.0%), Sst Crh 4930553C11Rik  (30.0%)	1992	192.6	Fede, Ray	9	1216	0	0	1699			3.24	13.7	143.8	33-34
5	20200403_sample_5	20200403_slice_2	2020-04-03	sample 5	mouse_KIYRP	2020-01-31	63	M	Sst-IRES-Cre/wt; Ai9/wt	5	2/3	SST+	522714	71242	22173	12	10032	Sst	Sst Pvalb Calb2	0.97	Sst Pvalb Calb2 (97.0%)	Sst Mme Fam114a1 (55.0%), Sst Tac1 Htr1d (45.0%)	2113	345.79	Fede, Ray	6	515	0	0	1805			2.94	15.7	180.1	33-34
6	20200403_sample_6	20200403_slice_2	2020-04-03	sample 6	mouse_KIYRP	2020-01-31	63	M	Sst-IRES-Cre/wt; Ai9/wt	5	5	SST+	1154604	326822	47373	12	9276	Sst	Sst Crhr2_2	0.60	Sst Crhr2_2 (59.6%), Sst Myh8_1 (20.9%), Sst Penk (15.7%)	Sst Esm1 (54.0%), Sst Chrna2 Glra3 (44.0%)	2031	213.92	Fede, Ray	6	1104	0	0	1805			3	18.9	228.5	33-34
7	20200403_sample_7	20200403_slice_2	2020-04-03	sample 7	mouse_KIYRP	2020-01-31	63	M	Sst-IRES-Cre/wt; Ai9/wt	5	5	SST+	745502	909961	95243	12	8673	Sst	Sst Hpse	0.75	Sst Hpse (75.1%), Sst Htr1a (24.9%)	Sst Hpse Cbln4 (69.0%), Sst Hpse Sema3c (31.0%)	2104	166.86	Fede, Ray	6	780	0	0	1805			3.07	24.9	139	33-34
8	20200403_sample_8	20200403_slice_2	2020-04-03	sample 8	mouse_KIYRP	2020-01-31	63	M	Sst-IRES-Cre/wt; Ai9/wt	5	5	SST+	2536661	408514	102818	12	11623	Sst	Sst Crhr2_1	0.88	Sst Crhr2_1 (88.0%), Sst Myh8_3 (9.0%)	Sst Crhr2 Efemp1 (98.0%)	2120	396.08	Fede, Ray	8	1127	0	0	1805			3.78	23.9	202	33-34
9	20200403_sample_9	20200403_slice_2	2020-04-03	sample 9	mouse_KIYRP	2020-01-31	63	M	Sst-IRES-Cre/wt; Ai9/wt	5	5	SST+	1238044	516854	72161	12	9355	Sst	Sst Etv1	0.52	Sst Etv1 (52.1%), Sst Myh8_1 (38.4%), Sst Htr1a (3.1%)	Sst Myh8 Etv1  (37.0%), Sst Chrna2 Ptgdr (37.0%), Sst Chrna2 Glra3 (15.0%)	2120	182.18	Fede, Ray	8	850	0	0	1805			3.2	24	278	33-34
10	20200403_sample_10	20200403_slice_3	2020-04-03	sample 10	mouse_KIYRP	2020-01-31	63	M	Sst-IRES-Cre/wt; Ai9/wt	5	5	SST+	762886	1243626	128355	12	9072	Sst	Sst Pvalb Etv1	0.51	Sst Pvalb Etv1 (51.1%), Sst Etv1 (36.7%), Sst Myh8_1 (7.7%)	Sst Nr2f2 Necab1 (100.0%)	2155	188.65	Fede, Ray	8	1064	0	0	1782			3.78	20.4	117.4	33-34
11	20200403_sample_11	20200403_slice_3	2020-04-03	sample 11	mouse_KIYRP	2020-01-31	63	M	Sst-IRES-Cre/wt; Ai9/wt	5	5	SST+	2554999	56259	66262	12	9418	Sst	Sst Crhr2_2	0.97	Sst Crhr2_2 (96.7%)	Sst Esm1 (100.0%)	2133	243.77	Fede, Ray	8	1199	0	0	1782			3.7	28.2	241.5	33-34
12	20200403_sample_12	20200403_slice_4	2020-04-03	sample 12	mouse_KIYRP	2020-01-31	63	M	Sst-IRES-Cre/wt; Ai9/wt	5	5	SST+	1718666	571554	88615	12	9468	Sst	Sst Calb2	0.78	Sst Calb2 (78.4%), Sst Hpse (21.6%)	Sst Calb2 Pdlim5 (79.0%), Sst Hpse Cbln4 (21.0%)	1994	293.14	Fede, Ray	10	604	0	0	1780			3.9	14.3	218.1	33-34
13	20200403_sample_13	20200403_slice_4	2020-04-03	sample 13	mouse_KIYRP	2020-01-31	63	M	Sst-IRES-Cre/wt; Ai9/wt	5	5	SST+	516562	13312	15430	12	7916	Sst	Sst Hpse	0.79	Sst Hpse (79.1%), Sst Htr1a (13.4%), Sst Chodl (2.6%)	Sst Hpse Cbln4 (100.0%)	2015	168.95	Fede, Ray	8	687	0	0	1780			3.9	25.5	196.7	33-34
14	20200403_sample_14	20200403_slice_4	2020-04-03	sample 14	mouse_KIYRP	2020-01-31	63	M	Sst-IRES-Cre/wt; Ai9/wt	5	5	SST+	1171655	21771	36615	12	4938	Sst	Sst Htr1a	0.82	Sst Htr1a (81.7%), Sst Myh8_1 (6.9%), Sst Myh8_2 (5.3%)	Sst Hpse Sema3c (100.0%)	1983	63.71	Fede, Ray	7	822	0	0	1780			3.9	20.3	121.4	33-34
15	20200403_sample_16	20200403_slice_4	2020-04-03	sample 16	mouse_KIYRP	2020-01-31	63	M	Sst-IRES-Cre/wt; Ai9/wt	5	5	SST+	2690997	730172	120935	12	10593	Sst	Sst Htr1a	0.97	Sst Htr1a (97.3%)	Sst Hpse Sema3c (86.0%), Sst Tac2 Myh4 (9.0%)	2158	224.08	Fede, Ray	6	933	0	0	1780			3.72	23.8	130	33-34
16	20200406_sample_1	20200406_slice_1	2020-04-06	sample 1	mouse_WPOGH	2020-01-31	66	M	Sst-IRES-Cre/wt; Ai9/wt	5	5	SST+	2850107	898507	121460	12	12307	Sst	Sst Hpse	0.99	Sst Hpse (99.3%)	Sst Hpse Cbln4 (100.0%)	2160	789.82	Fede, Ray	6	520	0	0	1685			3.59	24.1	137.2	33-34
17	20200406_sample_2	20200406_slice_1	2020-04-06	sample 2	mouse_WPOGH	2020-01-31	66	M	Sst-IRES-Cre/wt; Ai9/wt	5	5	SST+	1420400	1876035	162951	12	11827	Sst	Sst Pvalb Calb2	0.84	Sst Pvalb Calb2 (84.1%), Sst Hpse (14.7%)	Sst Mme Fam114a1 (96.0%)	2496	242.9	Fede, Ray	6	515	0	0	1685			3.49	26.4	267.8	33-34
18	20200406_sample_3	20200406_slice_1	2020-04-06	sample 3	mouse_WPOGH	2020-01-31	66	M	Sst-IRES-Cre/wt; Ai9/wt	5	5	SST+	2732490	705351	119676	12	11796	Sst	Sst Myh8_1	0.97	Sst Myh8_1 (97.0%)	Sst Chrna2 Glra3 (99.0%)	2121	406.66	Fede, Ray	7	791	0	0	1685			3.25	26.9	260.2	33-34
19	20200406_sample_4	20200406_slice_2	2020-04-06	sample 4	mouse_WPOGH	2020-01-31	66	M	Sst-IRES-Cre/wt; Ai9/wt	5	5	SST-	3463207	939740	170887	12	14322	IT	L5 IT_1	1.00	L5 IT_1 (99.9%)	L5 IT ALM Cpa6 Gpr88 (99.0%)	2209	1029.22	Fede, Ray	9	650	0	0	1626			3.2	13.5	50.13	33-34
20	20200406_sample_5	20200406_slice_2	2020-04-06	sample 5	mouse_WPOGH	2020-01-31	66	M	Sst-IRES-Cre/wt; Ai9/wt	5	5	SST+	2590504	549993	111048	12	11823	Sst	Sst Hpse	0.96	Sst Hpse (95.9%)	Sst Hpse Cbln4 (100.0%)	2090	445.27	Fede, Ray	7	635	0	0	1626			2.49	25.5	278.5	33-34
21	20200406_sample_6	20200406_slice_2	2020-04-06	sample 6	mouse_WPOGH	2020-01-31	66	M	Sst-IRES-Cre/wt; Ai9/wt	5	5	SST+	2114512	1014404	133822	12	12287	Pvalb	Pvalb Calb1_2	0.86	Pvalb Calb1_2 (86.4%), Pvalb Calb1_1 (13.1%)	Pvalb Sema3e Kank4 (95.0%)	1784	416.07	Fede, Ray	7	904	0	0	1626			3.03	18.1	109.1	33-34
22	20200406_sample_7	20200406_slice_2	2020-04-06	sample 7	mouse_WPOGH	2020-01-31	66	M	Sst-IRES-Cre/wt; Ai9/wt	5	5	SST+	1582398	1146628	126634	12	11163	Sst	Sst Pvalb Calb2	1.00	Sst Pvalb Calb2 (99.6%)	Sst Mme Fam114a1 (98.0%)	2227	223.89	Fede, Ray	7	601	0	0	1626			2.96	21.9	126.1	33-34
23	20200406_sample_10	20200406_slice_3	2020-04-06	sample 10	mouse_WPOGH	2020-01-31	66	M	Sst-IRES-Cre/wt; Ai9/wt	5	5	SST+	805151	1138214	120114	12	8581	Sst	Sst C1ql3_2	0.90	Sst C1ql3_2 (90.4%), Sst Tac2 (4.4%), Sst C1ql3_1 (3.3%)	Sst Tac2 Tacstd2 (72.0%), Sst Rxfp1 Prdm8 (26.0%)	2122	165.93	Fede, Ray	6	1240	0	0	1835			3	16	122.1	33-34
24	20200406_sample_11	20200406_slice_3	2020-04-06	sample 11	mouse_WPOGH	2020-01-31	66	M	Sst-IRES-Cre/wt; Ai9/wt	5	5	SST+	2201834	720682	122005	12	12135	Pvalb	Pvalb Egfem1	0.83	Pvalb Egfem1 (82.9%), Pvalb Kank4 (10.7%), Sst Th_2 (3.6%)	Pvalb Th Sst (99.0%)	2064	361.43	Fede, Ray	6	1139	0	0	1835			2.94	22.9	149.5	33-34
25	20200406_sample_12	20200406_slice_4	2020-04-06	sample 12	mouse_WPOGH	2020-01-31	66	M	Sst-IRES-Cre/wt; Ai9/wt	5	5	SST+	3	0	1	12	3	low quality					1669	177.09	Fede, Ray	6	1026	0	0	1637			2.95	22	146.9	33-34
26	20200406_sample_13	20200406_slice_4	2020-04-06	sample 13	mouse_WPOGH	2020-01-31	66	M	Sst-IRES-Cre/wt; Ai9/wt	5	5	SST+	8	0	1	12	8	low quality					2264	376.06	Fede, Ray	8	1110	0	0	1637			2.9	27.4	161.8	33-34
27	20200406_sample_15	20200406_slice_4	2020-04-06	sample 15	mouse_WPOGH	2020-01-31	66	M	Sst-IRES-Cre/wt; Ai9/wt	5	5	SST+	479735	531624	60188	12	6114	Sst	Sst Myh8_1	0.96	Sst Myh8_1 (95.9%)	Sst Chrna2 Glra3 (95.0%)	1799	82.49	Fede, Ray	7	1006	0	0	1637			3.56	20.9	258.8	33-34
28	20200406_sample_16	20200406_slice_4	2020-04-06	sample 16	mouse_WPOGH	2020-01-31	66	M	Sst-IRES-Cre/wt; Ai9/wt	5	5	SST+	2141408	687063	111826	12	12683	Sst	Sst Etv1	0.81	Sst Etv1 (80.9%), Sst Myh8_1 (18.6%)	Sst Nr2f2 Necab1 (58.0%), Sst Myh8 Etv1  (42.0%)	2230	491.28	Fede, Ray	10	741	0	0	1637			3.09	17.9	218.9	33-34
29	20200406_sample_17	20200406_slice_4	2020-04-06	sample 17	mouse_WPOGH	2020-01-31	66	M	Sst-IRES-Cre/wt; Ai9/wt	5	5	SST+	1694837	355499	73605	12	10645	Sst	Sst Crhr2_1	0.61	Sst Crhr2_1 (60.9%), Sst C1ql3_1 (23.4%), Sst Crhr2_2 (14.0%)	Sst Rxfp1 Eya1 (80.0%), Sst Crh 4930553C11Rik  (20.0%)	2351	250.74	Fede, Ray	11	1057	0	0	1637			3.52	26.9	170.6	33-34
30	20200406_sample_19	20200406_slice_4	2020-04-06	sample 19	mouse_WPOGH	2020-01-31	66	M	Sst-IRES-Cre/wt; Ai9/wt	5	5	SST+	2488819	785455	135194	12	11597	Sst	Sst C1ql3_1	0.67	Sst C1ql3_1 (67.3%), Sst C1ql3_2 (23.4%), Sst Crhr2_1 (7.4%)	Sst Rxfp1 Eya1 (100.0%)	2199	368.54	Fede, Ray	8	1072	0	0	1637			3	21.7	195.1	33-34
31	20200406_sample_20	20200406_slice_4	2020-04-06	sample 20	mouse_WPOGH	2020-01-31	66	M	Sst-IRES-Cre/wt; Ai9/wt	5	5	SST+	790236	1046160	117739	12	8788	Sst	Sst Hpse	0.72	Sst Hpse (72.1%), Sst Crhr2_1 (21.6%), Sst Htr1a (3.9%)	Sst Hpse Cbln4 (80.0%), Sst Crhr2 Efemp1 (15.0%)	2066	164.9	Fede, Ray	8	874	0	0	1637			3.56	21.6	162.8	33-34
32	20200406_sample_21	20200406_slice_4	2020-04-06	sample 21	mouse_WPOGH	2020-01-31	66	M	Sst-IRES-Cre/wt; Ai9/wt	5	5	SST+	1382114	960800	110127	12	8936	Sst	Sst Htr1a	0.94	Sst Htr1a (93.6%), Sst Myh8_2 (3.3%)	Sst Hpse Sema3c (86.0%), Sst Chrna2 Ptgdr (14.0%)	2204	196.76	Fede, Ray	8	659	0	0	1637			3.5	29.1	153.7	33-34
33	20200406_sample_22	20200406_slice_4	2020-04-06	sample 22	mouse_WPOGH	2020-01-31	66	M	Sst-IRES-Cre/wt; Ai9/wt	5	5	SST+	3217820	573462	140702	12	12177	Sst	Sst Pvalb Etv1	0.49	Sst Pvalb Etv1 (49.3%), Sst Etv1 (35.6%), Sst Myh8_1 (9.7%)	Sst Nr2f2 Necab1 (100.0%)	2187	436.71	Fede, Ray	8	743	0	0	1637			3.5	27.6	324.5	33-34
34	20200406_sample_23	20200406_slice_4	2020-04-06	sample 23	mouse_WPOGH	2020-01-31	66	M	Sst-IRES-Cre/wt; Ai9/wt	5	5	SST+	994723	1321729	116930	12	9084	Sst	Sst Crhr2_1	0.97	Sst Crhr2_1 (97.1%)	Sst Crhr2 Efemp1 (92.0%), Sst Crh 4930553C11Rik  (8.0%)	2386	372.34	Fede, Ray	7	1021	0	0	1637			3	14.5	102.5	33-34
35	20200406_sample_24	20200406_slice_4	2020-04-06	sample 24	mouse_WPOGH	2020-01-31	66	M	Sst-IRES-Cre/wt; Ai9/wt	5	5	SST+	2029241	798578	112064	12	11134	Sst	Sst Calb2	0.57	Sst Calb2 (56.6%), Sst Hpse (42.7%)	Sst Hpse Cbln4 (53.0%), Sst Calb2 Pdlim5 (47.0%)	2342	319.58	Fede, Ray	10	698	0	0	1637			3.84	24	223	33-34
36	20200406_sample_25	20200406_slice_5	2020-04-06	sample 25	mouse_WPOGH	2020-01-31	66	M	Sst-IRES-Cre/wt; Ai9/wt	5	5	SST+	1079629	1197983	115401	12	8845	Sst	Sst C1ql3_1	0.53	Sst C1ql3_1 (52.7%), Sst C1ql3_2 (42.0%), Sst Tac2 (4.6%)	Sst Rxfp1 Prdm8 (84.0%), Sst Rxfp1 Eya1 (9.0%), Sst Tac2 Tacstd2 (7.0%)	2341	172.2	Fede, Ray	9	684	0	0	1637			2.81	21.6	166.5	33-34
37	20200406_sample_27	20200406_slice_5	2020-04-06	sample 27	mouse_WPOGH	2020-01-31	66	M	Sst-IRES-Cre/wt; Ai9/wt	5	5	SST+	2061642	1303932	190923	12	11976	Pvalb	Pvalb Kank4	0.69	Pvalb Kank4 (68.7%), Pvalb Egfem1 (27.3%)	Pvalb Akr1c18 Ntf3 (95.0%)	2241	307.69	Fede, Ray	10	1112	0	0	1646			2.99	25.4	112.7	33-34
38	20200406_sample_28	20200406_slice_6	2020-04-06	sample 28	mouse_WPOGH	2020-01-31	66	M	Sst-IRES-Cre/wt; Ai9/wt	5	5	SST+	2638383	1084867	158928	12	10604	Sst	Sst Pvalb Calb2	0.98	Sst Pvalb Calb2 (98.4%)	Sst Mme Fam114a1 (51.0%), Sst Tac1 Htr1d (49.0%)	2340	205.85	Fede, Ray	10	500	0	0	1646			3.92	17.9	112.9	33-34
39	20200406_sample_29	20200406_slice_6	2020-04-06	sample 29	mouse_WPOGH	2020-01-31	66	M	Sst-IRES-Cre/wt; Ai9/wt	5	5	SST+	2757010	569150	114923	12	11534	Sst	Sst Calb2	0.86	Sst Calb2 (86.1%), Sst Hpse (13.9%)	Sst Calb2 Pdlim5 (71.0%), Sst Hpse Cbln4 (29.0%)	2080	418.54	Fede, Ray	10	509	0	0	1741			3	12.3	115.3	33-34
40	20200406_sample_30	20200406_slice_6	2020-04-06	sample 30	mouse_WPOGH	2020-01-31	66	M	Sst-IRES-Cre/wt; Ai9/wt	5	5	SST+	2116170	710131	127569	12	10533	Sst	Sst Myh8_1	0.53	Sst Myh8_1 (53.0%), Sst Etv1 (45.9%)	Sst Myh8 Etv1  (96.0%)	1819	338.1	Fede, Ray	10	834	0	0	1741			4	25.1	243.2	33-34
41	20200406_sample_31	20200406_slice_6	2020-04-06	sample 31	mouse_WPOGH	2020-01-31	66	M	Sst-IRES-Cre/wt; Ai9/wt	5	2/3	SST+	2721463	414225	96508	12	10991	Sst	Sst Calb2	0.83	Sst Calb2 (83.3%), Sst Hpse (15.3%)	Sst Hpse Cbln4 (55.0%), Sst Calb2 Pdlim5 (45.0%)	2460	465.62	Fede, Ray	10	500	0	0	1741			4.5	18.6	117	33-34
42	20200406_sample_32	20200406_slice_6	2020-04-06	sample 32	mouse_WPOGH	2020-01-31	66	M	Sst-IRES-Cre/wt; Ai9/wt	5	5	SST+	1713108	929684	114951	12	9776	Sst	Sst Crhr2_2	0.97	Sst Crhr2_2 (96.9%)	Sst Esm1 (98.0%)	2469	293.89	Fede, Ray	9	1121	0	0	1741			3.5	24.8	132	33-34
43	20200407_sample_1	20200407_slice_1	2020-04-07	sample 1	mouse_INETJ	2020-01-31	67	M	Sst-IRES-Cre/wt; Ai9/wt	5	5	SST+	1770697	524367	87788	12	10473	Sst	Sst C1ql3_1	0.97	Sst C1ql3_1 (97.1%)	Sst Rxfp1 Eya1 (100.0%)	2272	275.53	Fede, Ray	6	1072	0	0	1681			3.94	23.5	176	33-34
44	20200407_sample_2	20200407_slice_1	2020-04-07	sample 2	mouse_INETJ	2020-01-31	67	M	Sst-IRES-Cre/wt; Ai9/wt	5	5	SST+	1358010	176589	51084	12	10143	Sst	Sst Crhr2_2	0.65	Sst Crhr2_2 (64.9%), Sst Myh8_3 (19.1%), Sst Myh8_1 (9.4%)	Sst Tac2 Myh4 (95.0%)	2163	254.85	Fede, Ray	6	1038	0	0	1681			3.95	15.6	148.8	33-34
45	20200407_sample_3	20200407_slice_1	2020-04-07	sample 3	mouse_INETJ	2020-01-31	67	M	Sst-IRES-Cre/wt; Ai9/wt	5	5	SST+	921213	924038	93836	12	8295	Sst	Sst C1ql3_1	0.72	Sst C1ql3_1 (71.7%), Sst C1ql3_2 (24.0%)	Sst Rxfp1 Prdm8 (98.0%)	1918	184.13	Fede, Ray	6	1010	0	0	1681			2.96	16.6	110.1	33-34
46	20200407_sample_4	20200407_slice_1	2020-04-07	sample 4	mouse_INETJ	2020-01-31	67	M	Sst-IRES-Cre/wt; Ai9/wt	5	5	SST+	193290	109255	24252	12	7896	Sst	Sst Myh8_1	0.91	Sst Myh8_1 (91.0%), Sst Crhr2_2 (7.7%)	Sst Chrna2 Glra3 (99.0%)	1718	173.05	Fede, Ray	7	1015	0	0	1681			2.98	15	205	33-34
47	20200407_sample_5	20200407_slice_1	2020-04-07	sample 5	mouse_INETJ	2020-01-31	67	M	Sst-IRES-Cre/wt; Ai9/wt	5	5	SST+	761334	105304	33383	12	10422	Sst	Sst Th_3	0.43	Sst Th_3 (43.4%), Sst C1ql3_1 (31.9%), Sst Th_2 (18.7%)	Sst Rxfp1 Prdm8 (76.0%), Sst Rxfp1 Eya1 (21.0%)	2084	403.95	Fede, Ray	7	990	0	0	1681			2.98	14.71	143.3	33-34
48	20200407_sample_6	20200407_slice_1	2020-04-07	sample 6	mouse_INETJ	2020-01-31	67	M	Sst-IRES-Cre/wt; Ai9/wt	5	5	SST+	573077	63029	20412	12	9329	Sst	Sst Hpse	0.95	Sst Hpse (95.4%)	Sst Hpse Cbln4 (100.0%)	2119	358.36	Fede, Ray	10	585	0	0	1681			2.99	22	110.1	33-34
49	20200407_sample_7	20200407_slice_1	2020-04-07	sample 7	mouse_INETJ	2020-01-31	67	M	Sst-IRES-Cre/wt; Ai9/wt	5	5	SST+	1699499	554245	85362	12	10992	Sst	Sst Pvalb Calb2	1.00	Sst Pvalb Calb2 (99.6%)	Sst Mme Fam114a1 (93.0%), Sst Tac1 Htr1d (7.0%)	2102	394.24	Fede, Ray	6	651	0	0	1681			3.46	14.5	147.7	33-34
50	20200407_sample_8	20200407_slice_1	2020-04-07	sample 8	mouse_INETJ	2020-01-31	67	M	Sst-IRES-Cre/wt; Ai9/wt	5	5	SST+	2072917	304466	80598	12	11598	Sst	Sst C1ql3_1	0.77	Sst C1ql3_1 (77.1%), Sst Th_2 (9.6%), Sst Th_1 (9.0%)	Sst Rxfp1 Prdm8 (100.0%)	2104	444.07	Fede, Ray	6	1002	0	0	1681			3.59	21.3	144.9	33-34
51	20200407_sample_9	20200407_slice_1	2020-04-07	sample 9	mouse_INETJ	2020-01-31	67	M	Sst-IRES-Cre/wt; Ai9/wt	5	5	SST+	2183057	461142	85447	12	11472	Sst	Sst Crhr2_2	1.00	Sst Crhr2_2 (99.6%)	Sst Esm1 (100.0%)	2120	419.98	Fede, Ray	7	830	0	0	1681			3.42	18.9	139.8	33-34
52	20200407_sample_10	20200407_slice_1	2020-04-07	sample 10	mouse_INETJ	2020-01-31	67	M	Sst-IRES-Cre/wt; Ai9/wt	5	5	SST+	1651433	264069	58676	12	10831	Sst	Sst Hpse	0.94	Sst Hpse (94.3%), Sst Crhr2_1 (2.7%)	Sst Hpse Cbln4 (100.0%)	2298	349.16	Fede, Ray	7	665	0	0	1681			3.59	17.9	102.1	33-34
53	20200407_sample_11	20200407_slice_4	2020-04-07	sample 11	mouse_INETJ	2020-01-31	67	M	Sst-IRES-Cre/wt; Ai9/wt	5	5	SST+	1500265	614312	96709	12	11351	Sst	Sst C1ql3_2	0.63	Sst C1ql3_2 (62.6%), Sst C1ql3_1 (33.0%)	Sst Rxfp1 Eya1 (100.0%)	2309	357.6	Fede, Ray	8	1051	0	0	1907			3.89	7.79	151.3	33-34
54	20200407_sample_12	20200407_slice_4	2020-04-07	sample 12	mouse_INETJ	2020-01-31	67	M	Sst-IRES-Cre/wt; Ai9/wt	5	5	SST+	1683078	390444	71553	12	11443	Pvalb	Pvalb Calb1_2	0.96	Pvalb Calb1_2 (95.6%)	Pvalb Reln Tac1 (58.0%), Pvalb Sema3e Kank4 (15.0%), Pvalb Tpbg (13.0%)	2113	421.19	Fede, Ray	8	589	0	0	1907			3.89	16.6	153	33-34
55	20200407_sample_13	20200407_slice_5	2020-04-07	sample 13	mouse_INETJ	2020-01-31	67	M	Sst-IRES-Cre/wt; Ai9/wt	5	5	SST+	859920	765633	99928	12	6996	Sst	Sst Myh8_3	0.89	Sst Myh8_3 (89.0%), Sst C1ql3_2 (2.7%), Sst Crhr2_2 (2.7%)	Sst Tac2 Tacstd2 (55.0%), Sst Tac2 Myh4 (45.0%)	1983	79.82	Fede, Ray	8	888	0	0	1788			3.9	17.7	141.4	33-34
56	20200407_sample_14	20200407_slice_5	2020-04-07	sample 14	mouse_INETJ	2020-01-31	67	M	Sst-IRES-Cre/wt; Ai9/wt	5	5	SST+	1262536	440273	72782	12	9612	Sst	Sst C1ql3_1	0.46	Sst C1ql3_1 (45.7%), Sst Th_2 (41.6%), Pvalb Egfem1 (9.4%)	Sst Rxfp1 Prdm8 (41.0%), Sst Rxfp1 Eya1 (34.0%), Pvalb Th Sst (25.0%)	2161	233.01	Fede, Ray	8	1088	0	0	1788			3.99	13.5	118.9	33-34
57	20200407_sample_15	20200407_slice_5	2020-04-07	sample 15	mouse_INETJ	2020-01-31	67	M	Sst-IRES-Cre/wt; Ai9/wt	5	5	SST+	2082240	345805	78080	12	10405	Sst	Sst Penk	0.96	Sst Penk (96.4%)	Sst Myh8 Fibin (100.0%)	2114	273	Fede, Ray	8	1091	0	0	1788			3.98	24.4	185.8	33-34
58	20200407_sample_16	20200407_slice_5	2020-04-07	sample 16	mouse_INETJ	2020-01-31	67	M	Sst-IRES-Cre/wt; Ai9/wt	5	5	SST+	527355	294400	45385	12	8058	Sst	Sst Crhr2_1	0.78	Sst Crhr2_1 (78.4%), Sst Crhr2_2 (20.4%)	Sst Crh 4930553C11Rik  (100.0%)	2109	135.27	Fede, Ray	8	1143	0	0	1788			3.92	23.4	158.7	33-34
59	20200407_sample_18	20200407_slice_5	2020-04-07	sample 18	mouse_INETJ	2020-01-31	67	M	Sst-IRES-Cre/wt; Ai9/wt	5	5	SST+	2515012	384357	93949	12	11016	Sst	Sst C1ql3_2	0.83	Sst C1ql3_2 (82.6%), Sst C1ql3_1 (12.1%), Sst Crhr2_1 (3.9%)	Sst Rxfp1 Eya1 (100.0%)	2091	290.91	Fede, Ray	10	1002	0	0	1788			3.78	18.8	143.6	33-34
60	20200407_sample_19	20200407_slice_5	2020-04-07	sample 19	mouse_INETJ	2020-01-31	67	M	Sst-IRES-Cre/wt; Ai9/wt	5	5	SST+	1561998	419654	79634	12	8905	Pvalb	Pvalb Calb1_2	0.85	Pvalb Calb1_2 (85.4%), Pvalb Calb1_1 (8.9%), Pvalb Gpr149 (4.6%)	Pvalb Reln Tac1 (52.0%), Pvalb Calb1 Sst (33.0%), Pvalb Gpr149 Islr (15.0%)	2108	142.29	Fede, Ray	8	1001	0	0	1788			3.79	23.2	176.6	33-34
61	20200407_sample_20	20200407_slice_5	2020-04-07	sample 20	mouse_INETJ	2020-01-31	67	M	Sst-IRES-Cre/wt; Ai9/wt	5	5	SST+	8490	1275	268	12	3652	Sst	Sst Myh8_1	0.62	Sst Myh8_1 (62.0%), Sst Crhr2_2 (22.0%), Sst Myh8_2 (9.9%)	Sst Chrna2 Glra3 (97.0%)	2197	314.96	Fede, Ray	6	788	0	0	1788			3.92	19.6	193.3	33-34
62	20200407_sample_21	20200407_slice_5	2020-04-07	sample 21	mouse_INETJ	2020-01-31	67	M	Sst-IRES-Cre/wt; Ai9/wt	5	5	SST+	5488	2381	290	12	2940	Sst	Sst Crhr2_1	0.32	Sst Crhr2_1 (31.6%), Sst Myh8_3 (28.0%), Sst Crhr2_2 (20.3%)	Sst Crhr2 Efemp1 (28.0%), Sst Crh 4930553C11Rik  (25.0%), Sst Hpse Sema3c (14.0%)	2198	127.66	Fede, Ray	8	709	0	0	1788			3.98	18.4	116.6	33-34
63	20200407_sample_22	20200407_slice_5	2020-04-07	sample 22	mouse_INETJ	2020-01-31	67	M	Sst-IRES-Cre/wt; Ai9/wt	5	5	SST+	8716	2833	487	12	3499	Sst	Sst Htr1a	0.42	Sst Htr1a (41.7%), Sst Hpse (37.9%), Sst Crhr2_1 (4.4%)	Sst Hpse Sema3c (74.0%), Sst Hpse Cbln4 (26.0%)	2274	112.19	Fede, Ray	7	563	0	0	1788			3.95	24.9	120.7	33-34
64	20200407_sample_23	20200407_slice_5	2020-04-07	sample 23	mouse_INETJ	2020-01-31	67	M	Sst-IRES-Cre/wt; Ai9/wt	5	2/3	SST+	75782	14795	3218	12	7053	Sst	Sst Hpse	0.86	Sst Hpse (86.1%), Sst Htr1a (11.7%)	Sst Hpse Cbln4 (100.0%)	2084	341.9	Fede, Ray	7	492	0	0	1788			3.9	18.6	147.2	33-34
65	20200407_sample_24	20200407_slice_5	2020-04-07	sample 24	mouse_INETJ	2020-01-31	67	M	Sst-IRES-Cre/wt; Ai9/wt	5	5	SST+	15752	1536	471	12	4840	Sst	Sst Crhr2_2	0.86	Sst Crhr2_2 (85.7%), Sst Crhr2_1 (5.0%), Sst Myh8_1 (4.4%)	Sst Myh8 Etv1  (42.0%), Sst Esm1 (32.0%), Sst Crhr2 Efemp1 (11.0%)	2145	312.02	Fede, Ray	7	845	0	0	1788			3.92	24.6	153.3	33-34
66	20200407_sample_25	20200407_slice_5	2020-04-07	sample 25	mouse_INETJ	2020-01-31	67	M	Sst-IRES-Cre/wt; Ai9/wt	5	5	SST+	8953	3253	505	12	4008	Pvalb	Pvalb Kank4	0.34	Pvalb Kank4 (33.6%), Pvalb Egfem1 (14.3%), Pvalb Il1rapl2 (13.0%)	Pvalb Akr1c18 Ntf3 (46.0%), Pvalb Gpr149 Islr (27.0%), Pvalb Reln Itm2a (11.0%)	2180	194.22	Fede, Ray	6	1070	0	0	1788			3.95	15.8	99	33-34
67	20200407_sample_26	20200407_slice_5	2020-04-07	sample 26	mouse_INETJ	2020-01-31	67	M	Sst-IRES-Cre/wt; Ai9/wt	5	5	SST+	11510	2417	512	12	4413	Sst	Sst Crhr2_1	0.64	Sst Crhr2_1 (63.7%), Sst Crhr2_2 (12.9%), Sst Chodl (9.0%)	Sst Crhr2 Efemp1 (97.0%)	2068	327.92	Fede, Ray	6	1000	0	0	1788			3.9	21.5	131.5	33-34
68	20200408_sample_1	20200408_slice_1	2020-04-08	sample 1	mouse_ZUDOB	2020-01-31	68	M	Sst-IRES-Cre/wt; Ai9/wt	5	5	SST+	13233	3495	604	12	4959	Sst	Sst Calb2	0.49	Sst Calb2 (49.3%), Sst Htr1a (26.7%), Sst Myh8_1 (10.3%)	Sst Hpse Sema3c (97.0%)	2189	611.48	Fede, Ray	6	750	0	0	1993			4.74	19.3	146	33-34
69	20200408_sample_2	20200408_slice_1	2020-04-08	sample 2	mouse_ZUDOB	2020-01-31	68	M	Sst-IRES-Cre/wt; Ai9/wt	5	5	SST+	5343	986	173	12	1959	low quality					1804	142.79	Fede, Ray	8	708	0	0	1993			3.89	22	102.6	33-34
70	20200408_sample_3	20200408_slice_1	2020-04-08	sample 3	mouse_ZUDOB	2020-01-31	68	M	Sst-IRES-Cre/wt; Ai9/wt	5	2/3	SST+	13583	3353	565	12	4924	Sst	Sst Hpse	0.76	Sst Hpse (76.3%), Sst Htr1a (10.3%), Sst Chodl (6.6%)	Sst Hpse Cbln4 (84.0%), Sst Hpse Sema3c (16.0%)	2211	416.17	Fede, Ray	7	562	0	0	1993			3.89	9.2	166.5	33-34
71	20200408_sample_4	20200408_slice_2	2020-04-08	sample 4	mouse_ZUDOB	2020-01-31	68	M	Sst-IRES-Cre/wt; Ai9/wt	5	5	SST+	6479	9487	777	12	3650	Sst	Sst C1ql3_2	0.30	Sst C1ql3_2 (29.7%), Sst Tac2 (25.3%), Sst Th_1 (13.4%)	Sst Rxfp1 Prdm8 (61.0%), Sst Tac2 Tacstd2 (21.0%), Sst Rxfp1 Eya1 (15.0%)	2198	246.4	Fede, Ray	7	823	0	0	1532			4.14	20.4	128.6	33-34
72	20200408_sample_5	20200408_slice_2	2020-04-08	sample 5	mouse_ZUDOB	2020-01-31	68	M	Sst-IRES-Cre/wt; Ai9/wt	5	5	SST+	69446	86327	7700	12	3997	Sst	Sst Crhr2_2	0.57	Sst Crhr2_2 (57.0%), Sst Crhr2_1 (32.1%), Sst Th_3 (3.9%)	Sst Esm1 (48.0%), Sst Crhr2 Efemp1 (30.0%), Sst Hpse Sema3c (11.0%)	1758	124.68	Fede, Ray	7	987	0	0	1532			4.78	18.24	124	33-34
73	20200408_sample_6	20200408_slice_2	2020-04-08	sample 6	mouse_ZUDOB	2020-01-31	68	M	Sst-IRES-Cre/wt; Ai9/wt	5	5	SST+	41522	57643	6632	12	5786	Sst	Sst Calb2	0.92	Sst Calb2 (91.6%), Sst Hpse (5.6%)	Sst Calb2 Pdlim5 (79.0%), Sst Tac1 Tacr3 (17.0%)	2237	236.53	Fede, Ray	7	450	0	0	1532			4.14	18.3	133.6	33-34
74	20200408_sample_7	20200408_slice_2	2020-04-08	sample 7	mouse_ZUDOB	2020-01-31	68	M	Sst-IRES-Cre/wt; Ai9/wt	5	5	SST+	5517	2924	325	12	3542	Sst	Sst Pvalb Calb2	0.73	Sst Pvalb Calb2 (72.9%), Sst Chodl (6.3%), Sst Crhr2_1 (3.7%)	Sst Tac1 Tacr3 (55.0%), Sst Tac1 Htr1d (36.0%), Sst Mme Fam114a1 (9.0%)	2342	377.92	Fede, Ray	7	495	0	0	1532			3.96	22.3	102.8	33-34
75	20200408_sample_8	20200408_slice_3	2020-04-08	sample 8	mouse_ZUDOB	2020-01-31	68	M	Sst-IRES-Cre/wt; Ai9/wt	5	5	SST+	5331	882	228	12	2953	Sst	Sst Myh8_1	0.85	Sst Myh8_1 (84.6%), Sst Crhr2_2 (7.7%), Sst Myh8_2 (6.1%)	Sst Chrna2 Glra3 (100.0%)	2380	345.94	Fede, Ray	8	929	0	0	1664			4.18	7.523	230.1	33-34
76	20200408_sample_9	20200408_slice_3	2020-04-08	sample 9	mouse_ZUDOB	2020-01-31	68	M	Sst-IRES-Cre/wt; Ai9/wt	5	5	SST+	3465	1813	229	12	2656	Sst	Sst Myh8_1	0.85	Sst Myh8_1 (84.7%), Sst Crhr2_2 (6.3%), Sst Myh8_2 (3.9%)	Sst Chrna2 Glra3 (89.0%), Sst Myh8 Etv1  (11.0%)	2187	426.51	Fede, Ray	7	930	0	0	1664			3.96	21.3	120.9	33-34
77	20200408_sample_11	20200408_slice_3	2020-04-08	sample 11	mouse_ZUDOB	2020-01-31	68	M	Sst-IRES-Cre/wt; Ai9/wt	5	5	SST+	28932	9226	1276	12	6551	Sst	Sst Htr1a	0.52	Sst Htr1a (52.1%), Sst Myh8_2 (38.0%), Sst Myh8_1 (6.7%)	Sst Chrna2 Ptgdr (86.0%), Sst Hpse Sema3c (14.0%)	2490	496.46	Fede, Ray	8	778	0	0	1664			3.9	18.2	140.2	33-34
78	20200408_sample_12	20200408_slice_3	2020-04-08	sample 12	mouse_ZUDOB	2020-01-31	68	M	Sst-IRES-Cre/wt; Ai9/wt	5	5	SST+	71293	22321	3237	12	7836	Sst	Sst Myh8_1	0.89	Sst Myh8_1 (89.3%), Sst Myh8_2 (9.3%)	Sst Chrna2 Glra3 (99.0%)	2327	468.49	Fede, Ray	8	799	0	0	1664			3.8	16.7	144.3	33-34
79	20200408_sample_13	20200408_slice_3	2020-04-08	sample 13	mouse_ZUDOB	2020-01-31	68	M	Sst-IRES-Cre/wt; Ai9/wt	5	5	SST+	77379	16905	3373	12	7750	Sst	Sst Myh8_1	0.88	Sst Myh8_1 (88.4%), Sst Myh8_2 (11.0%)	Sst Chrna2 Glra3 (99.0%)	2331	388.62	Fede, Ray	7	737	0	0	1664			3.9	19	224	33-34
80	20200408_sample_14	20200408_slice_3	2020-04-08	sample 14	mouse_ZUDOB	2020-01-31	68	M	Sst-IRES-Cre/wt; Ai9/wt	5	5	SST+	45848	20231	2527	12	7428	Sst	Sst Pvalb Etv1	0.75	Sst Pvalb Etv1 (75.3%), Sst Pvalb Calb2 (18.6%), Sst Chodl (1.9%)	Sst Nr2f2 Necab1 (93.0%), Sst Tac1 Tacr3 (7.0%)	2408	516.16	Fede, Ray	8	751	0	0	1664			3.82	19.2	80.48	33-34
81	20200408_sample_15	20200408_slice_3	2020-04-08	sample 15	mouse_ZUDOB	2020-01-31	68	M	Sst-IRES-Cre/wt; Ai9/wt	5	5	SST+	6551	8986	903	12	4164	Pvalb	Pvalb Reln	0.35	Pvalb Reln (35.4%), Pvalb Il1rapl2 (28.9%), Pvalb Kank4 (16.6%)	Pvalb Tpbg (54.0%), Pvalb Reln Itm2a (25.0%), Sst Tac1 Tacr3 (13.0%)	2351	310.15	Fede, Ray	10	536	0	0	1664			3.92	17.5	78.14	33-34
82	20200408_sample_16	20200408_slice_3	2020-04-08	sample 16	mouse_ZUDOB	2020-01-31	68	M	Sst-IRES-Cre/wt; Ai9/wt	5	5	SST+	17177	3412	783	12	5609	Sst	Sst Pvalb Etv1	0.71	Sst Pvalb Etv1 (71.1%), Sst Pvalb Calb2 (13.4%), Sst Etv1 (5.7%)	Sst Nr2f2 Necab1 (99.0%)	1841	492.86	Fede, Ray	7	787	0	0	1664			3.88	18.7	103.5	33-34
83	20200408_sample_17	20200408_slice_3	2020-04-08	sample 17	mouse_ZUDOB	2020-01-31	68	M	Sst-IRES-Cre/wt; Ai9/wt	5	5	SST+	1467	1345	146	12	1627	Sst	Sst Calb2	0.77	Sst Calb2 (76.7%), Sst Myh8_1 (9.0%), Sst Hpse (4.9%)	Sst Calb2 Pdlim5 (64.0%), Sst Hpse Sema3c (11.0%), Sst Tac1 Tacr3 (9.0%)	2188	121.14	Fede, Ray	8	702	0	0	1664			3.9	18.21	118.4	33-34
84	20200408_sample_18	20200408_slice_4	2020-04-08	sample 18	mouse_ZUDOB	2020-01-31	68	M	Sst-IRES-Cre/wt; Ai9/wt	5	6	SST+	1407334	377860	74392	12	11214	Sst	Sst Crhr2_1	0.90	Sst Crhr2_1 (89.7%), Sst Hpse (9.9%)	Sst Crhr2 Efemp1 (96.0%)	2321	433.05	Fede, Ray	8	1216	0	0	1640			3.2	8.624	204.5	33-34
85	20200408_sample_19	20200408_slice_4	2020-04-08	sample 19	mouse_ZUDOB	2020-01-31	68	M	Sst-IRES-Cre/wt; Ai9/wt	5	5	SST+	950026	240306	45077	12	9677	Sst	Sst Myh8_1	0.97	Sst Myh8_1 (96.7%)	Sst Chrna2 Glra3 (100.0%)	2187	285.19	Fede, Ray	8	824	0	0	1640			3.9	17.8	159.2	33-34
86	20200408_sample_20	20200408_slice_4	2020-04-08	sample 20	mouse_ZUDOB	2020-01-31	68	M	Sst-IRES-Cre/wt; Ai9/wt	5	5	SST+	1615078	347861	62991	12	11400	Sst	Sst Calb2	0.56	Sst Calb2 (55.6%), Sst Pvalb Calb2 (44.3%)	Sst Calb2 Pdlim5 (97.0%)	2317	474.62	Fede, Ray	7	607	0	0	1640			3.9	18.3	111.3	33-34
87	20200408_sample_21	20200408_slice_4	2020-04-08	sample 21	mouse_ZUDOB	2020-01-31	68	M	Sst-IRES-Cre/wt; Ai9/wt	5	5	SST+	866779	297210	45912	12	10285	Sst	Sst C1ql3_1	0.69	Sst C1ql3_1 (68.6%), Sst Th_1 (18.1%), Sst C1ql3_2 (8.3%)	Sst Rxfp1 Prdm8 (100.0%)	2264	347.84	Fede, Ray	8	1094	0	0	1640			3.9	14.6	140.9	33-34
88	20200408_sample_23	20200408_slice_4	2020-04-08	sample 23	mouse_ZUDOB	2020-01-31	68	M	Sst-IRES-Cre/wt; Ai9/wt	5	5	SST+	297499	269218	28704	12	7362	Sst	Sst Hpse	0.42	Sst Hpse (41.7%), Sst Myh8_3 (33.4%), Sst Crhr2_1 (19.6%)	Sst Hpse Cbln4 (95.0%)	2089	188.55	Fede, Ray	8	907	0	0	1640			4.1	19.4	113.7	33-34
89	20200408_sample_24	20200408_slice_4	2020-04-08	sample 24	mouse_ZUDOB	2020-01-31	68	M	Sst-IRES-Cre/wt; Ai9/wt	5	5	SST+	1074196	415921	71588	12	11090	Sst	Sst Pvalb Calb2	0.95	Sst Pvalb Calb2 (95.1%)	Sst Mme Fam114a1 (100.0%)	2258	555.61	Fede, Ray	8	759	0	0	1640			4.6	19.2	135.4	33-34
90	20200408_sample_25	20200408_slice_4	2020-04-08	sample 25	mouse_ZUDOB	2020-01-31	68	M	Sst-IRES-Cre/wt; Ai9/wt	5	5	SST+	1197577	190756	41677	12	9340	Pvalb	Pvalb Reln	0.58	Pvalb Reln (57.6%), Pvalb Calb1_2 (25.3%), Pvalb Kank4 (13.0%)	Pvalb Reln Itm2a (96.0%)	2168	365.58	Fede, Ray	8	705	0	0	1640			4.5	18.8	120.2	33-34
91	20200408_sample_26	20200408_slice_4	2020-04-08	sample 26	mouse_ZUDOB	2020-01-31	68	M	Sst-IRES-Cre/wt; Ai9/wt	5	5	SST+	620329	420130	51701	12	7673	Sst	Sst Calb2	0.92	Sst Calb2 (92.4%), Sst Hpse (7.6%)	Sst Calb2 Pdlim5 (95.0%)	2206	215.05	Fede, Ray	8	501	0	0	1640			4.6	16.3	106.4	33-34
92	20200408_sample_27	20200408_slice_4	2020-04-08	sample 27	mouse_ZUDOB	2020-01-31	68	M	Sst-IRES-Cre/wt; Ai9/wt	5	5	SST+	1950828	244292	62056	12	11330	Sst	Sst Calb2	0.96	Sst Calb2 (95.7%)	Sst Calb2 Pdlim5 (99.0%)	2416	567.34	Fede, Ray	8	899	0	0	1640			4.6	20.7	121.3	33-34
93	20200408_sample_28	20200408_slice_4	2020-04-08	sample 28	mouse_ZUDOB	2020-01-31	68	M	Sst-IRES-Cre/wt; Ai9/wt	5	5	SST+	1003791	106220	36291	12	10384	Sst	Sst Hpse	0.70	Sst Hpse (69.6%), Sst Htr1a (29.4%)	Sst Hpse Cbln4 (80.0%), Sst Hpse Sema3c (20.0%)	2478	447.15	Fede, Ray	8	600	0	0	1640			4.6	19.8	136.6	33-34
94	20200409_sample_1	20200409_slice_1	2020-04-09	sample 1	mouse_NDKCQ	2019-09-15	207	F	Sst-IRES-Cre/wt; Ai9/wt	5	2/3	SST+	487465	310583	38745	12	8230	Sst	Sst Hpse	0.81	Sst Hpse (80.6%), Sst Calb2 (18.4%)	Sst Hpse Cbln4 (100.0%)	2076	193.31	Fede, Ray	8	450	0	0	1671			4.2	8.5	238.2	33-34
95	20200409_sample_2	20200409_slice_1	2020-04-09	sample 2	mouse_NDKCQ	2019-09-15	207	F	Sst-IRES-Cre/wt; Ai9/wt	5	2/3	SST+	328609	500481	52495	12	8268	Sst	Sst C1ql3_1	0.77	Sst C1ql3_1 (77.4%), Sst C1ql3_2 (21.4%)	Sst Rxfp1 Eya1 (100.0%)	2117	205.91	Fede, Ray	8	450	0	0	1671			4.9	18.3	149.5	33-34
96	20200409_sample_3	20200409_slice_1	2020-04-09	sample 3	mouse_NDKCQ	2019-09-15	207	F	Sst-IRES-Cre/wt; Ai9/wt	5	5	SST+	1305698	248595	52058	12	11551	Sst	Sst Calb2	0.63	Sst Calb2 (63.0%), Sst Hpse (37.0%)	Sst Hpse Cbln4 (60.0%), Sst Calb2 Pdlim5 (40.0%)	1984	593.87	Fede, Ray	6	705	0	0	1671			4.2	18	101.7	33-34
97	20200409_sample_4	20200409_slice_1	2020-04-09	sample 4	mouse_NDKCQ	2019-09-15	207	F	Sst-IRES-Cre/wt; Ai9/wt	5	5	SST+	1282136	334364	63707	12	10941	Sst	Sst Myh8_3	0.86	Sst Myh8_3 (86.4%), Sst Crhr2_1 (9.3%)	Sst Tac2 Myh4 (97.0%)	1856	392.13	Fede, Ray	6	708	0	0	1671			4.5	18.9	144.4	33-34
98	20200409_sample_5	20200409_slice_1	2020-04-09	sample 5	mouse_NDKCQ	2019-09-15	207	F	Sst-IRES-Cre/wt; Ai9/wt	5	5	SST+	235978	279189	26573	12	6077	Sst	Sst Myh8_1	0.70	Sst Myh8_1 (70.1%), Sst Myh8_2 (26.4%)	Sst Chrna2 Glra3 (63.0%), Sst Chrna2 Ptgdr (37.0%)	1736	116.72	Fede, Ray	6	700	0	0	1671			4.9	6.8	155.2	33-34
99	20200409_sample_6	20200409_slice_1	2020-04-09	sample 6	mouse_NDKCQ	2019-09-15	207	F	Sst-IRES-Cre/wt; Ai9/wt	5	5	SST+	1203122	129135	51559	12	10802	Sst	Sst Crhr2_1	0.43	Sst Crhr2_1 (43.3%), Sst Htr1a (21.1%), Sst Crhr2_2 (17.1%)	Sst Crhr2 Efemp1 (100.0%)	1761	453.45	Fede, Ray	6	956	0	0	1671			4.8	16.1	147.2	33-34
100	20200409_sample_7	20200409_slice_1	2020-04-09	sample 7	mouse_NDKCQ	2019-09-15	207	F	Sst-IRES-Cre/wt; Ai9/wt	5	5	SST+	643467	305070	48245	12	9416	Sst	Sst Crhr2_1	0.97	Sst Crhr2_1 (97.1%)	Sst Crhr2 Efemp1 (100.0%)	1782	349.46	Fede, Ray	6	1101	0	0	1671			4.9	19.8	126.5	33-34
101	20200409_sample_8	20200409_slice_1	2020-04-09	sample 8	mouse_NDKCQ	2019-09-15	207	F	Sst-IRES-Cre/wt; Ai9/wt	5	2/3	SST+	1150036	178896	48296	12	11526	Sst	Sst Pvalb Calb2	0.53	Sst Pvalb Calb2 (52.7%), Sst Calb2 (36.4%), Sst Hpse (10.7%)	Sst Calb2 Pdlim5 (89.0%), Sst Hpse Cbln4 (9.0%)	1994	560.7	Fede, Ray	6	468	0	0	1671			3.9	18.6	120.7	33-34
102	20200409_sample_9	20200409_slice_1	2020-04-09	sample 9	mouse_NDKCQ	2019-09-15	207	F	Sst-IRES-Cre/wt; Ai9/wt	5	5	SST+	1119979	228439	43992	12	10186	Sst	Sst Htr1a	0.62	Sst Htr1a (62.4%), Sst Myh8_3 (27.6%), Sst Crhr2_1 (4.3%)	Sst Tac2 Myh4 (79.0%), Sst Hpse Sema3c (20.0%)	1820	409.04	Fede, Ray	8	818	0	0	1607			3.8	20.5	153.7	33-34
103	20200409_sample_10	20200409_slice_2	2020-04-09	sample 10	mouse_NDKCQ	2019-09-15	207	F	Sst-IRES-Cre/wt; Ai9/wt	5	5	SST+	1192172	239985	52694	12	10701	Sst	Sst C1ql3_2	0.77	Sst C1ql3_2 (76.7%), Sst C1ql3_1 (23.1%)	Sst Rxfp1 Eya1 (100.0%)	2102	811.38	Fede, Ray	10	890	0	0	1607			4.2	18.1	105.6	33-34
104	20200409_sample_11	20200409_slice_2	2020-04-09	sample 11	mouse_NDKCQ	2019-09-15	207	F	Sst-IRES-Cre/wt; Ai9/wt	5	5	SST+	1392346	309144	58603	12	10468	Sst	Sst Myh8_1	1.00	Sst Myh8_1 (99.6%)	Sst Chrna2 Glra3 (97.0%)	1911	526.16	Fede, Ray	7	884	0	0	1607			3.9	19.7	196.4	33-34
105	20200409_sample_12	20200409_slice_2	2020-04-09	sample 12	mouse_NDKCQ	2019-09-15	207	F	Sst-IRES-Cre/wt; Ai9/wt	5	5	SST+	980797	346226	53567	12	8875	Sst	Sst Myh8_1	0.99	Sst Myh8_1 (99.1%)	Sst Chrna2 Glra3 (100.0%)	1949	179.35	Fede, Ray	8	864	0	0	1607			3.9	11	227.6	33-34
106	20200409_sample_13	20200409_slice_2	2020-04-09	sample 13	mouse_NDKCQ	2019-09-15	207	F	Sst-IRES-Cre/wt; Ai9/wt	5	5	SST+	1539070	461161	82387	12	11729	Sst	Sst Crhr2_2	0.98	Sst Crhr2_2 (98.3%)	Sst Esm1 (100.0%)	2034	454.24	Fede, Ray	8	915	0	0	1607			3.9	12.3	166.5	33-34
107	20200409_sample_14	20200409_slice_2	2020-04-09	sample 14	mouse_NDKCQ	2019-09-15	207	F	Sst-IRES-Cre/wt; Ai9/wt	5	5	SST+	2733928	631341	119391	12	10465	Sst	Sst Crhr2_2	0.91	Sst Crhr2_2 (90.9%), Sst Myh8_1 (8.4%)	Sst Esm1 (98.0%)	1897	267.17	Fede, Ray	8	862	0	0	1590			3.8	16.22	226.1	33-34
108	20200409_sample_15	20200409_slice_3	2020-04-09	sample 15	mouse_NDKCQ	2019-09-15	207	F	Sst-IRES-Cre/wt; Ai9/wt	5	5	SST+	833436	1223958	186467	12	9929	Sst	Sst Tac2	0.76	Sst Tac2 (75.9%), Sst C1ql3_2 (10.4%), Sst Th_1 (8.0%)	Sst Tac2 Tacstd2 (67.0%), Sst Rxfp1 Prdm8 (33.0%)	1927	128.24	Fede, Ray	8	1000	0	0	1590			4.9	17.6	138.2	33-34
109	20200409_sample_17	20200409_slice_3	2020-04-09	sample 17	mouse_NDKCQ	2019-09-15	207	F	Sst-IRES-Cre/wt; Ai9/wt	5	5	SST+	2711664	287367	99379	12	11072	Sst	Sst Myh8_1	0.99	Sst Myh8_1 (98.7%)	Sst Chrna2 Glra3 (100.0%)	2045	293.47	Fede, Ray	8	766	0	0	1613			4.2	23.9	161.6	33-34
110	20200409_sample_18	20200409_slice_4	2020-04-09	sample 18	mouse_NDKCQ	2019-09-15	207	F	Sst-IRES-Cre/wt; Ai9/wt	5	5	SST+	755543	578868	84671	12	7322	Sst	Sst Crhr2_1	0.80	Sst Crhr2_1 (80.4%), Sst Hpse (13.3%), Sst Myh8_3 (4.0%)	Sst Crhr2 Efemp1 (56.0%), Sst Hpse Cbln4 (30.0%), Sst Crh 4930553C11Rik  (14.0%)	1811	122.36	Fede, Ray	10	950	0	0	1613			4.2	10.4	194.6	33-34
111	20200409_sample_19	20200409_slice_4	2020-04-09	sample 19	mouse_NDKCQ	2019-09-15	207	F	Sst-IRES-Cre/wt; Ai9/wt	5	2/3	SST+	1329194	21056	37226	12	7404	Sst	Sst Pvalb Calb2	0.43	Sst Pvalb Calb2 (42.7%), Sst Calb2 (25.9%), Sst Crhr2_1 (20.0%)	Sst Mme Fam114a1 (96.0%)	2023	168.67	Fede, Ray	10	450	0	0	1613			3.9	11	298.7	33-34
112	20200409_sample_20	20200409_slice_4	2020-04-09	sample 20	mouse_NDKCQ	2019-09-15	207	F	Sst-IRES-Cre/wt; Ai9/wt	5	5	SST+	1396210	291002	57747	12	10316	Sst	Sst Hpse	0.69	Sst Hpse (69.4%), Sst Htr1a (20.4%), Sst Myh8_3 (5.4%)	Sst Hpse Cbln4 (99.0%)	2065	340.28	Fede, Ray	10	610	0	0	1613			3.9	24	185.7	33-34
113	20200410_sample_1	20200410_slice_1	2020-04-10	sample 1	mouse_MITSU	2019-09-15	208	F	Sst-IRES-Cre/wt; Ai9/wt	5	5	SST-	1189390	1999769	177588	12	11476	IT	L5 IT_1	0.58	L5 IT_1 (58.3%), L5 IT_2 (28.3%), L5 IT_3 (12.1%)	L5 IT ALM Gkn1 Pcdh19 (56.0%), L5 IT VISp Col27a1 (16.0%), L5 IT ALM Cbln4 Fezf2 (14.0%)	2177	468.29	Fede, Ray	5	766	0	0	1590			4.1	18.2	227.2	33-34
114	20200410_sample_2	20200410_slice_1	2020-04-10	sample 2	mouse_MITSU	2019-09-15	208	F	Sst-IRES-Cre/wt; Ai9/wt	5	5	SST+	2296614	664175	118604	12	12194	Sst	Sst Myh8_3	0.85	Sst Myh8_3 (84.6%), Sst C1ql3_2 (10.7%)	Sst Tac2 Tacstd2 (100.0%)	1856	657.91	Fede, Ray	8	733	0	0	1590			3.1	19.4	129	33-34
115	20200410_sample_4	20200410_slice_1	2020-04-10	sample 4	mouse_MITSU	2019-09-15	208	F	Sst-IRES-Cre/wt; Ai9/wt	5	5	SST-	800968	31999	32899	12	4914	ET	L5 ET_2	0.27	L5 ET_2 (26.7%), L5 IT_3 (17.4%), L5 ET_4 (13.9%)	Oligo Synpr (84.0%), L5 IT VISp Col27a1 (5.0%), Oligo Serpinb1a (5.0%)	1523	93.18	Fede, Ray	8	712	0	0	1590			3.4	15.4	62.4	33-34
116	20200410_sample_5	20200410_slice_1	2020-04-10	sample 5	mouse_MITSU	2019-09-15	208	F	Sst-IRES-Cre/wt; Ai9/wt	5	5	SST-	2274666	885432	146722	12	13706	IT	L5 IT_2	0.39	L5 IT_2 (39.0%), L5 IT_1 (31.9%), L5 IT_3 (17.4%)	L5 IT ALM Gkn1 Pcdh19 (86.0%), L5 IT VISp Col27a1 (8.0%), L6 IT ALM Tgfb1 (5.0%)	1875	961.88	Fede, Ray	7	698	0	0	1590			3.2	15.7	78.22	33-34
117	20200410_sample_6	20200410_slice_1	2020-04-10	sample 6	mouse_MITSU	2019-09-15	208	F	Sst-IRES-Cre/wt; Ai9/wt	5	5	SST-	971799	1406135	158299	12	11108	ET	L5 ET_3	0.69	L5 ET_3 (69.3%), L5 ET_4 (12.9%), L5 ET_1 (12.3%)	L5 PT ALM Npsr1 (45.0%), L5 PT ALM Hpgd (32.0%), L5 PT VISp Lgr5 (12.0%)	1889	454.98	Fede, Ray	8	682	0	0	1590			3.2	13.1	60.6	33-34
118	20200410_sample_7	20200410_slice_1	2020-04-10	sample 7	mouse_MITSU	2019-09-15	208	F	Sst-IRES-Cre/wt; Ai9/wt	5	5	SST+	2489352	507165	88662	12	12183	Sst	Sst Pvalb Calb2	0.84	Sst Pvalb Calb2 (84.1%), Sst Crhr2_1 (11.7%)	Sst Mme Fam114a1 (99.0%)	2105	620.25	Fede, Ray	6	639	0	0	1590			3.5	17.2	146.3	33-34
119	20200410_sample_8	20200410_slice_1	2020-04-10	sample 8	mouse_MITSU	2019-09-15	208	F	Sst-IRES-Cre/wt; Ai9/wt	5	5	SST-	852884	1051936	127296	12	10604	IT	L5 IT_1	0.76	L5 IT_1 (76.4%), L5 IT_3 (10.6%), L6 IT_1 (4.9%)	L5 IT VISp Col27a1 (60.0%), L5 IT ALM Gkn1 Pcdh19 (13.0%), L5 IT ALM Cpa6 Gpr88 (11.0%)	1730	386.53	Fede, Ray	6	848	0	0	1590			3.9	20.5	171.1	33-34
120	20200410_sample_10	20200410_slice_1	2020-04-10	sample 10	mouse_MITSU	2019-09-15	208	F	Sst-IRES-Cre/wt; Ai9/wt	5	5	SST-	1613834	1667428	179896	12	12303	IT	L5 IT_1	0.79	L5 IT_1 (78.6%), L5 IT_2 (10.1%), L5 IT_3 (6.0%)	L5 IT ALM Cpa6 Gpr88 (91.0%), L5 IT VISp Col27a1 (8.0%)	2251	510.81	Fede, Ray	7	779	0	0	1590			3.5	18.8	183.2	33-34
121	20200410_sample_11	20200410_slice_1	2020-04-10	sample 11	mouse_MITSU	2019-09-15	208	F	Sst-IRES-Cre/wt; Ai9/wt	5	5	SST-	617642	707209	90812	12	10002	IT	L5 IT_1	0.88	L5 IT_1 (88.1%), L6 IT_1 (3.7%), L6 CT Pou3f2 (2.9%)	L5 IT ALM Cpa6 Gpr88 (44.0%), L5 IT VISp Col6a1 Fezf2 (21.0%), L5 IT VISp Batf3 (16.0%)	2336	237.99	Fede, Ray	8	648	0	0	1590			3.9	15.2	149.1	33-34
122	20200410_sample_13	20200410_slice_1	2020-04-10	sample 13	mouse_MITSU	2019-09-15	208	F	Sst-IRES-Cre/wt; Ai9/wt	5	5	SST-	1178019	2190784	324586	12	12991	ET	L5 ET_2	0.37	L5 ET_2 (37.1%), L5 ET_3 (36.9%), L5 ET_4 (25.6%)	L5 PT ALM Npsr1 (64.0%), L5 PT VISp Lgr5 (35.0%)	2073	493.7	Fede, Ray	10	642	0	0	1590			3.9	12.5	79.1	33-34
123	20200410_sample_14	20200410_slice_1	2020-04-10	sample 14	mouse_MITSU	2019-09-15	208	F	Sst-IRES-Cre/wt; Ai9/wt	5	5	SST-	2483949	784499	131681	12	13010	IT	L5 IT_1	0.90	L5 IT_1 (90.0%), L5 IT_2 (9.1%)	L5 IT ALM Cpa6 Gpr88 (62.0%), L5 IT ALM Gkn1 Pcdh19 (23.0%), L5 IT VISp Col6a1 Fezf2 (10.0%)	1997	577.29	Fede, Ray	8	605	0	0	1590			3.6	13	106.9	33-34
124	20200410_sample_15	20200410_slice_1	2020-04-10	sample 15	mouse_MITSU	2019-09-15	208	F	Sst-IRES-Cre/wt; Ai9/wt	5	5	SST-	2121177	68579	72550	12	10141	IT	L5 IT_1	0.90	L5 IT_1 (89.7%), L6 CT Pou3f2 (6.0%)	L5 IT ALM Cpa6 Gpr88 (99.0%)	1879	377.9	Fede, Ray	8	765	0	0	1590			3.9	21.7	121.9	33-34
125	20200410_sample_17	20200410_slice_2	2020-04-10	sample 17	mouse_MITSU	2019-09-15	208	F	Sst-IRES-Cre/wt; Ai9/wt	5	5	SST+	8	2	3	12	9	low quality					2038	123.2	Fede, Ray	6	808	0	0	1714			4.2	24.1	176.6	33-34
126	20200410_sample_18	20200410_slice_2	2020-04-10	sample 18	mouse_MITSU	2019-09-15	208	F	Sst-IRES-Cre/wt; Ai9/wt	5	5	SST-	2068023	493022	116654	12	13480	IT	L5 IT_1	0.96	L5 IT_1 (96.0%)	L5 IT ALM Cpa6 Gpr88 (32.0%), L5 IT VISp Col6a1 Fezf2 (31.0%), L5 IT VISp Col27a1 (31.0%)	2040	629.04	Fede, Ray	10	835	0	0	1714			3.2	14	112.7	33-34
127	20200410_sample_20	20200410_slice_2	2020-04-10	sample 20	mouse_MITSU	2019-09-15	208	F	Sst-IRES-Cre/wt; Ai9/wt	5	5	SST-	892355	1248081	151092	12	10278	IT	L5 IT_1	0.92	L5 IT_1 (92.3%), L5 IT_3 (2.4%), L5 ET_1 (2.1%)	L5 IT ALM Gkn1 Pcdh19 (51.0%), L5 IT ALM Cpa6 Gpr88 (37.0%), L5 IT VISp Col27a1 (11.0%)	1782	249.54	Fede, Ray	7	800	0	0	1714			3.2	13.3	65.1	33-34
128	20200410_sample_21	20200410_slice_2	2020-04-10	sample 21	mouse_MITSU	2019-09-15	208	F	Sst-IRES-Cre/wt; Ai9/wt	5	5	SST-	826642	967490	117338	12	10326	IT	L4/5 IT_2	0.85	L4/5 IT_2 (85.1%), L5 IT_1 (3.7%), L5 ET_4 (3.0%)	L5 IT VISp Hsd11b1 Endou (89.0%), L5 IT ALM Lypd1 Gpr88 (11.0%)	2076	300.43	Fede, Ray	8	681	0	0	1714			3.2	13.8	89.6	33-34
129	20200410_sample_22	20200410_slice_2	2020-04-10	sample 22	mouse_MITSU	2019-09-15	208	F	Sst-IRES-Cre/wt; Ai9/wt	5	5	SST+	1693534	254795	62592	12	10665	Sst	Sst Myh8_1	0.57	Sst Myh8_1 (56.6%), Sst Etv1 (39.4%)	Sst Myh8 Etv1  (86.0%), Sst Chrna2 Glra3 (14.0%)	2154	338.87	Fede, Ray	8	800	0	0	1714			3.8	17.6	167.3	33-34
130	20200410_sample_23	20200410_slice_2	2020-04-10	sample 23	mouse_MITSU	2019-09-15	208	F	Sst-IRES-Cre/wt; Ai9/wt	5	2/3	SST+	9	1	1	12	10	low quality					1994	298.9	Fede, Ray	8	476	0	0	1714			3.9	25.3	111.6	33-34
131	20200410_sample_24	20200410_slice_3	2020-04-10	sample 24	mouse_MITSU	2019-09-15	208	F	Sst-IRES-Cre/wt; Ai9/wt	5	5	SST-	2093997	445027	126628	12	12742	IT	L4/5 IT_2	0.95	L4/5 IT_2 (94.9%), L5 IT_1 (4.4%)	L5 IT ALM Lypd1 Gpr88 (86.0%), L5 IT ALM Tmem163 Dmrtb1 (11.0%)	2161	740.97	Fede, Ray	8	536	0	0	1592			3.8	17.9	175.4	33-34
132	20200410_sample_26	20200410_slice_3	2020-04-10	sample 26	mouse_MITSU	2019-09-15	208	F	Sst-IRES-Cre/wt; Ai9/wt	5	5	SST-	792299	1158402	217511	12	10569	IT	L5 IT_3	0.60	L5 IT_3 (60.3%), L5 IT_1 (14.4%), L6 IT_1 (13.0%)	L5 IT VISp Col27a1 (39.0%), L6 IT VISp Penk Fst (27.0%), L5 IT ALM Npw (19.0%)	2055	224.4	Fede, Ray	9	938	0	0	1592			4	18.3	129.8	33-34
133	20200410_sample_27	20200410_slice_3	2020-04-10	sample 27	mouse_MITSU	2019-09-15	208	F	Sst-IRES-Cre/wt; Ai9/wt	5	5	SST+	1968004	452099	83100	12	11651	Sst	Sst Myh8_1	0.50	Sst Myh8_1 (50.1%), Sst Etv1 (49.7%)	Sst Myh8 Etv1  (99.0%)	2046	513.11	Fede, Ray	9	937	0	0	1592			3.9	21	146.6	33-34
134	20200410_sample_28	20200410_slice_3	2020-04-10	sample 28	mouse_MITSU	2019-09-15	208	F	Sst-IRES-Cre/wt; Ai9/wt	5	5	SST+	1419833	465049	97150	12	10362	Pvalb	Pvalb Calb1_2	0.75	Pvalb Calb1_2 (75.1%), Pvalb Il1rapl2 (9.4%), Pvalb Gpr149 (5.4%)	Pvalb Sema3e Kank4 (98.0%)	1878	367.48	Fede, Ray	9	600	0	0	1592			3.8	25.1	109.8	33-34
135	20200410_sample_29	20200410_slice_3	2020-04-10	sample 29	mouse_MITSU	2019-09-15	208	F	Sst-IRES-Cre/wt; Ai9/wt	5	5	SST+	1482430	1091773	120260	12	9356	Sst	Sst Hpse	0.97	Sst Hpse (96.6%)	Sst Hpse Cbln4 (100.0%)	2048	219.98	Fede, Ray	9	578	0	0	1592			4	18.7	120	33-34
136	20200410_sample_30	20200410_slice_3	2020-04-10	sample 30	mouse_MITSU	2019-09-15	208	F	Sst-IRES-Cre/wt; Ai9/wt	5	5	SST+	1722017	391519	94070	12	11619	Sst	Sst Crhr2_1	0.74	Sst Crhr2_1 (73.9%), Sst Crhr2_2 (18.7%), Sst Myh8_3 (7.4%)	Sst Crh 4930553C11Rik  (57.0%), Sst Crhr2 Efemp1 (31.0%), Sst Tac2 Myh4 (12.0%)	1880	422.9	Fede, Ray	7	987	0	0	1592			3.9	29	162.7	33-34
137	20200413_sample_1	20200413_slice_1	2020-04-13	sample 1	mouse_UEQOU	2020-02-10	71	M	Pvalb-Cre/wt; Ai9/wt	5	5	PV-	3279966	573992	134328	12	13911	IT	L5 IT_1	1.00	L5 IT_1 (99.7%)	L5 IT ALM Cpa6 Gpr88 (99.0%)	1833	934.17	Fede, Ray	6	703	0	0	1657			3	10.7	100.4	33-34
138	20200413_sample_2	20200413_slice_1	2020-04-13	sample 2	mouse_UEQOU	2020-02-10	71	M	Pvalb-Cre/wt; Ai9/wt	5	5	PV-	724556	33853	35042	12	5221	low quality					1742	216.48	Fede, Ray	7	962	0	0	1657			3.2	11.7	102.2	33-34
139	20200413_sample_3	20200413_slice_1	2020-04-13	sample 3	mouse_UEQOU	2020-02-10	71	M	Pvalb-Cre/wt; Ai9/wt	5	5	PV-	1698676	1048012	157913	12	13795	ET	L5 ET_1	0.78	L5 ET_1 (77.9%), L5 ET_4 (9.9%), L5 ET_2 (9.0%)	L5 PT ALM Slco2a1 (92.0%), L5 PT ALM Npsr1 (4.0%)	1871	694.72	Fede, Ray	6	888	0	0	1657			3.6	10.1	58.7	33-34
140	20200413_sample_4	20200413_slice_1	2020-04-13	sample 4	mouse_UEQOU	2020-02-10	71	M	Pvalb-Cre/wt; Ai9/wt	5	5	PV-	870179	811222	106751	12	13065	ET	L5 ET_1	0.98	L5 ET_1 (98.0%)	L5 PT ALM Slco2a1 (99.0%)	2158	1286.85	Fede, Ray	6	985	0	0	1657			3.7	18.9	67	33-34
141	20200413_sample_5	20200413_slice_1	2020-04-13	sample 5	mouse_UEQOU	2020-02-10	71	M	Pvalb-Cre/wt; Ai9/wt	5	5	PV-	1832319	307710	86889	12	11637	NP	L5/6 NP_1	0.71	L5/6 NP_1 (71.1%), L5/6 NP_2 (26.9%)	L5 NP ALM Trhr Nefl (66.0%), L5 IT ALM Cpa6 Gpr88 (12.0%), L5 NP VISp Trhr Met (6.0%)	1896	559.6	Fede, Ray	6	902	0	0	1657			3.9	19.9	164.4	33-34
142	20200413_sample_6	20200413_slice_1	2020-04-13	sample 6	mouse_UEQOU	2020-02-10	71	M	Pvalb-Cre/wt; Ai9/wt	5	5	PV-	1096092	1322887	131249	12	11527	IT	L5 IT_1	0.96	L5 IT_1 (95.6%)	L5 IT ALM Cpa6 Gpr88 (84.0%), L5 IT ALM Gkn1 Pcdh19 (12.0%)	1792	456.49	Fede, Ray	6	746	0	0	1657			3.9	20.5	65.9	33-34
143	20200413_sample_7	20200413_slice_2	2020-04-13	sample 7	mouse_UEQOU	2020-02-10	71	M	Pvalb-Cre/wt; Ai9/wt	5	5	PV-	2002689	460747	83077	12	11313	IT	L4/5 IT_2	0.88	L4/5 IT_2 (88.0%), L4/5 IT_1 (6.7%), L5 IT_1 (2.4%)	L5 IT ALM Lypd1 Gpr88 (91.0%), L5 IT VISp Hsd11b1 Endou (9.0%)	2088	456.25	Fede, Ray	7	694	0	0	1808			3.8	18	127.2	33-34
144	20200413_sample_8	20200413_slice_2	2020-04-13	sample 8	mouse_UEQOU	2020-02-10	71	M	Pvalb-Cre/wt; Ai9/wt	5	5	PV-	3449653	817947	162963	12	13759	ET	L5 ET_2	0.96	L5 ET_2 (95.9%)	L5 PT VISp Lgr5 (73.0%), L5 PT ALM Npsr1 (27.0%)	2137	719.67	Fede, Ray	6	741	0	0	1808			4.1	12.8	92.4	33-34
145	20200413_sample_9	20200413_slice_2	2020-04-13	sample 9	mouse_UEQOU	2020-02-10	71	M	Pvalb-Cre/wt; Ai9/wt	5	5	PV-	482799	438637	51476	12	9333	IT	L5 IT_1	0.85	L5 IT_1 (84.6%), L5 IT_3 (12.6%)	L5 IT ALM Cpa6 Gpr88 (44.0%), L5 IT VISp Batf3 (22.0%), L5 IT VISp Col6a1 Fezf2 (12.0%)	1995	266.57	Fede, Ray	6	743	0	0	1808			3.9	18.5	163.4	33-34
146	20200413_sample_10	20200413_slice_2	2020-04-13	sample 10	mouse_UEQOU	2020-02-10	71	M	Pvalb-Cre/wt; Ai9/wt	5	5	PV-	933742	115698	74245	12	9405	ET	L5 ET_4	0.63	L5 ET_4 (63.1%), L5 ET_1 (14.1%), L6 CT Cpa6 (5.7%)	L5 PT ALM Npsr1 (87.0%), L5 PT VISp Krt80 (6.0%), L5 PT VISp Lgr5 (5.0%)	1532	218.13	Fede, Ray	6	779	0	0	1808			3.8	12.3	56.2	33-34
147	20200413_sample_11	20200413_slice_2	2020-04-13	sample 11	mouse_UEQOU	2020-02-10	71	M	Pvalb-Cre/wt; Ai9/wt	5	5	PV-	730754	900419	95168	12	11171	IT	L5 IT_1	1.00	L5 IT_1 (99.9%)	L5 IT VISp Batf3 (50.0%), L5 IT ALM Cpa6 Gpr88 (34.0%), L5 IT VISp Hsd11b1 Endou (9.0%)	1976	454.6	Fede, Ray	9	679	0	0	1808			4	18.3	112.3	33-34
148	20200413_sample_12	20200413_slice_2	2020-04-13	sample 12	mouse_UEQOU	2020-02-10	71	M	Pvalb-Cre/wt; Ai9/wt	5	5	PV-	4	2	0	12	6	low quality					2081	390.13	Fede, Ray	8	769	0	0	1808			3.9	12.9	73.9	33-34
149	20200413_sample_13	20200413_slice_2	2020-04-13	sample 13	mouse_UEQOU	2020-02-10	71	M	Pvalb-Cre/wt; Ai9/wt	5	5	PV-	1282959	1040000	166032	12	11547	ET	L5 ET_2	0.85	L5 ET_2 (85.4%), L5 ET_4 (12.4%)	L5 PT VISp Lgr5 (59.0%), L5 PT ALM Npsr1 (34.0%), L5 PT VISp Krt80 (5.0%)	1986	265.69	Fede, Ray	7	733	0	0	1808			4.5	19.6	102.1	33-34
150	20200413_sample_14	20200413_slice_2	2020-04-13	sample 14	mouse_UEQOU	2020-02-10	71	M	Pvalb-Cre/wt; Ai9/wt	5	5	PV-	2909340	856150	132729	12	13978	IT	L5 IT_1	0.94	L5 IT_1 (93.9%), L5 IT_2 (5.0%)	L5 IT ALM Cpa6 Gpr88 (85.0%), L5 IT ALM Gkn1 Pcdh19 (15.0%)	2017	911.97	Fede, Ray	6	712	0	0	1808			3.9	11.7	57.4	33-34
151	20200413_sample_15	20200413_slice_2	2020-04-13	sample 15	mouse_UEQOU	2020-02-10	71	M	Pvalb-Cre/wt; Ai9/wt	5	5	PV-	665064	839166	89620	12	10355	IT	L5 IT_1	0.81	L5 IT_1 (81.1%), L5 IT_2 (13.0%), L6 CT Grp (1.9%)	L5 IT ALM Cpa6 Gpr88 (78.0%), L5 IT VISp Batf3 (10.0%), L5 IT ALM Gkn1 Pcdh19 (9.0%)	2191	719.67	Fede, Ray	9	696	0	0	1808			4	12.7	79.9	33-34
152	20200413_sample_16	20200413_slice_2	2020-04-13	sample 16	mouse_UEQOU	2020-02-10	71	M	Pvalb-Cre/wt; Ai9/wt	5	5	PV-	449560	57906	24322	12	3441	IT	L4/5 IT_2	0.18	L4/5 IT_2 (18.0%), L5 IT_3 (10.0%), L5 ET_1 (9.1%)	L5 IT ALM Cbln4 Fezf2 (37.0%), L5 IT ALM Pld5 (19.0%), L4 IT VISp Rspo1 (14.0%)	1630	97.36	Fede, Ray	6	652	0	0	1808			3.9	15.4	102.5	33-34
153	20200413_sample_17	20200413_slice_2	2020-04-13	sample 17	mouse_UEQOU	2020-02-10	71	M	Pvalb-Cre/wt; Ai9/wt	5	5	PV-	2536445	1714348	215816	12	15073	ET	L5 ET_1	0.85	L5 ET_1 (85.0%), L5 ET_2 (9.6%), L5 ET_4 (5.3%)	L5 PT ALM Slco2a1 (77.0%), L5 PT VISp Krt80 (19.0%)	2087	587.74	Fede, Ray	6	894	0	0	1808			3.8	11.1	85.9	33-34
154	20200413_sample_18	20200413_slice_2	2020-04-13	sample 18	mouse_UEQOU	2020-02-10	71	M	Pvalb-Cre/wt; Ai9/wt	5	5	PV-	548979	51921	35271	12	3773	low quality					1516	85.41	Fede, Ray	7	719	0	0	1808			3.5	14.6	80.7	33-34
155	20200413_sample_19	20200413_slice_2	2020-04-13	sample 19	mouse_UEQOU	2020-02-10	71	M	Pvalb-Cre/wt; Ai9/wt	5	5	PV-	2095955	1419786	240682	12	13296	ET	L5 ET_4	0.85	L5 ET_4 (85.3%), L5 ET_2 (14.7%)	L5 PT ALM Npsr1 (100.0%)	2094	509.12	Fede, Ray	8	718	0	0	1808			3.9	18.5	118.5	33-34
156	20200413_sample_20	20200413_slice_3	2020-04-13	sample 20	mouse_UEQOU	2020-02-10	71	M	Pvalb-Cre/wt; Ai9/wt	5	5	PV-	2948725	946606	162853	12	12292	IT	L5 IT_1	0.99	L5 IT_1 (99.4%)	L5 IT ALM Cpa6 Gpr88 (97.0%)	2128	392.07	Fede, Ray	6	605	0	0	1589			4	19.6	90.5	33-34
157	20200413_sample_21	20200413_slice_3	2020-04-13	sample 21	mouse_UEQOU	2020-02-10	71	M	Pvalb-Cre/wt; Ai9/wt	5	5	PV-	1381009	1222114	130390	12	11467	IT	L5 IT_1	0.66	L5 IT_1 (66.1%), L5 IT_2 (16.1%), L6 IT_1 (6.7%)	L5 IT ALM Cpa6 Gpr88 (38.0%), L5 IT VISp Col27a1 (33.0%), L5 IT ALM Gkn1 Pcdh19 (19.0%)	1945	426.15	Fede, Ray	6	855	0	0	1589			4	9.5	49.4	33-34
158	20200413_sample_22	20200413_slice_3	2020-04-13	sample 22	mouse_UEQOU	2020-02-10	71	M	Pvalb-Cre/wt; Ai9/wt	5	5	PV-	1245998	1019148	126687	12	10757	ET	L5 ET_1	0.90	L5 ET_1 (89.7%), L5 ET_2 (6.6%)	L5 PT ALM Slco2a1 (99.0%)	1946	376.34	Fede, Ray	6	870	0	0	1589			3.9	10.8	59	33-34
159	20200413_sample_23	20200413_slice_3	2020-04-13	sample 23	mouse_UEQOU	2020-02-10	71	M	Pvalb-Cre/wt; Ai9/wt	5	5	PV-	1237402	1724958	227080	12	10368	ET	L5 ET_1	0.88	L5 ET_1 (88.0%), L5 ET_2 (9.7%)	L5 PT ALM Slco2a1 (89.0%), L5 PT VISp Krt80 (9.0%)	1904	340.94	Fede, Ray	6	935	0	0	1589			3.9	11.4	95.3	33-34
160	20200414_sample_1	20200414_slice_1	2020-04-14	sample 1	mouse_SCEAC	2019-09-15	212	F	Sst-IRES-Cre/wt; Ai9/wt	5	5	SST-	850302	50866	65916	12	6922	IT	L4/5 IT_2	0.82	L4/5 IT_2 (81.6%), L6 CT Grp (5.9%), L4/5 IT_1 (3.1%)	L5 IT ALM Lypd1 Gpr88 (62.0%), L5 IT VISp Hsd11b1 Endou (26.0%), L5 IT ALM Tmem163 Dmrtb1 (5.0%)	1627	205.17	Fede, Ray	6	579	0	0	1694			4	20.8	95.1	33-34
161	20200414_sample_2	20200414_slice_1	2020-04-14	sample 2	mouse_SCEAC	2019-09-15	212	F	Sst-IRES-Cre/wt; Ai9/wt	5	5	SST-	2897154	795100	141014	12	13517	IT	L5 IT_1	0.83	L5 IT_1 (82.9%), L5 IT_2 (14.0%)	L5 IT ALM Gkn1 Pcdh19 (77.0%), L5 IT ALM Cpa6 Gpr88 (23.0%)	1964	1019.19	Fede, Ray	9	729	0	0	1694			4	18.3	178.4	33-34
162	20200414_sample_3	20200414_slice_1	2020-04-14	sample 3	mouse_SCEAC	2019-09-15	212	F	Sst-IRES-Cre/wt; Ai9/wt	5	5	SST-	1065544	2028564	165984	12	11600	IT	L5 IT_1	0.90	L5 IT_1 (89.7%), L4/5 IT_2 (4.6%), L5 IT_3 (3.9%)	L5 IT ALM Cpa6 Gpr88 (80.0%), L5 IT ALM Lypd1 Gpr88 (8.0%), L5 IT VISp Batf3 (4.0%)	2070	386.89	Fede, Ray	7	642	0	0	1694			4.2	11.9	64.9	33-34
163	20200414_sample_4	20200414_slice_1	2020-04-14	sample 4	mouse_SCEAC	2019-09-15	212	F	Sst-IRES-Cre/wt; Ai9/wt	5	5	SST-	260283	77167	28878	12	4049	IT	L5 IT_1	0.32	L5 IT_1 (31.9%), L5 IT_3 (21.6%), L6 CT Pou3f2 (11.6%)	L5 IT VISp Batf3 (53.0%), L5 IT VISp Col27a1 (34.0%), L5 IT ALM Cpa6 Gpr88 (6.0%)	1526	77.07	Fede, Ray	7	681	0	0	1694			4.2	15.4	151.5	33-34
164	20200414_sample_5	20200414_slice_2	2020-04-14	sample 5	mouse_SCEAC	2019-09-15	212	F	Sst-IRES-Cre/wt; Ai9/wt	5	5	SST-	618067	711380	96954	12	10402	IT	L5 IT_1	0.43	L5 IT_1 (42.9%), L5 IT_3 (30.1%), L5 IT_2 (23.3%)	L5 IT VISp Col27a1 (51.0%), L5 IT ALM Cpa6 Gpr88 (42.0%), L5 IT ALM Cbln4 Fezf2 (6.0%)	1941	329.5	Fede, Ray	7	857	0	0	1679			4	14.2	104.6	33-34
165	20200414_sample_6	20200414_slice_2	2020-04-14	sample 6	mouse_SCEAC	2019-09-15	212	F	Sst-IRES-Cre/wt; Ai9/wt	5	5	SST-	258997	40841	35221	12	4340	IT	L5 IT_2	0.20	L5 IT_2 (20.0%), L5 IT_1 (14.9%), L6 CT Pou3f2 (14.6%)	Astro Aqp4 (44.0%), L5 IT VISp Batf3 (35.0%), L5 IT VISp Col6a1 Fezf2 (7.0%)	1587	64.85	Fede, Ray	7	825	0	0	1679			4	9.5	55.8	33-34
166	20200414_sample_7	20200414_slice_2	2020-04-14	sample 7	mouse_SCEAC	2019-09-15	212	F	Sst-IRES-Cre/wt; Ai9/wt	5	5	SST+	568212	407090	42906	12	7704	Sst	Sst Calb2	0.96	Sst Calb2 (96.3%)	Sst Calb2 Pdlim5 (98.0%)	1851	159.33	Fede, Ray	8	620	0	0	1679			4	17.8	138.6	33-34
167	20200414_sample_8	20200414_slice_2	2020-04-14	sample 8	mouse_SCEAC	2019-09-15	212	F	Sst-IRES-Cre/wt; Ai9/wt	5	5	SST+	1696507	535104	88813	12	10510	Sst	Sst Calb2	1.00	Sst Calb2 (99.9%)	Sst Calb2 Pdlim5 (100.0%)	2051	328.79	Fede, Ray	10	615	0	0	1679			3.9	20	143.6	33-34
168	20200414_sample_9	20200414_slice_2	2020-04-14	sample 9	mouse_SCEAC	2019-09-15	212	F	Sst-IRES-Cre/wt; Ai9/wt	5	5	SST+	1156778	612574	84235	12	11373	Sst	Sst Myh8_1	0.54	Sst Myh8_1 (54.0%), Sst Etv1 (46.0%)	Sst Myh8 Etv1  (100.0%)	1965	419.25	Fede, Ray	6	943	0	0	1679			4	14.1	163.2	33-34
169	20200414_sample_10	20200414_slice_2	2020-04-14	sample 10	mouse_SCEAC	2019-09-15	212	F	Sst-IRES-Cre/wt; Ai9/wt	5	5	SST-	2340644	1440409	204097	12	12964	IT	L5 IT_3	0.84	L5 IT_3 (83.9%), L5 IT_1 (11.1%), L5 ET_1 (2.9%)	L5 IT VISp Col27a1 (100.0%)	2209	460.01	Fede, Ray	7	930	0	0	1679			3.9	15.5	97.6	33-34
170	20200414_sample_11	20200414_slice_2	2020-04-14	sample 11	mouse_SCEAC	2019-09-15	212	F	Sst-IRES-Cre/wt; Ai9/wt	5	5	SST-	2179557	852072	164899	12	13161	IT	L5 IT_1	0.99	L5 IT_1 (99.0%)	L5 IT ALM Cpa6 Gpr88 (100.0%)	2144	584.12	Fede, Ray	7	891	0	0	1679			3.9	13.4	94.9	33-34
171	20200414_sample_12	20200414_slice_3	2020-04-14	sample 12	mouse_SCEAC	2019-09-15	212	F	Sst-IRES-Cre/wt; Ai9/wt	5	5	SST-	1957722	1058969	152843	12	12422	IT	L5 IT_1	0.99	L5 IT_1 (99.3%)	L5 IT ALM Cpa6 Gpr88 (100.0%)	2138	529.87	Fede, Ray	10	823	0	0	1844			3.6	15.7	78.4	33-34
172	20200414_sample_13	20200414_slice_3	2020-04-14	sample 13	mouse_SCEAC	2019-09-15	212	F	Sst-IRES-Cre/wt; Ai9/wt	5	5	SST-	571219	629681	103071	12	12067	IT	L5 IT_1	0.95	L5 IT_1 (95.1%)	L5 IT ALM Cpa6 Gpr88 (97.0%)	1842	585.15	Fede, Ray	7	829	0	0	1844			3.6	9.1	50.2	33-34
173	20200414_sample_14	20200414_slice_3	2020-04-14	sample 14	mouse_SCEAC	2019-09-15	212	F	Sst-IRES-Cre/wt; Ai9/wt	5	5	SST-	1164359	1341720	139594	12	12001	IT	L5 IT_1	0.96	L5 IT_1 (95.7%)	L5 IT VISp Batf3 (55.0%), L5 IT ALM Cpa6 Gpr88 (26.0%), L5 IT VISp Hsd11b1 Endou (14.0%)	1745	515.54	Fede, Ray	7	753	0	0	1844			3.8	11.4	59.2	33-34
174	20200414_sample_15	20200414_slice_3	2020-04-14	sample 15	mouse_SCEAC	2019-09-15	212	F	Sst-IRES-Cre/wt; Ai9/wt	5	5	SST-	1806846	1028083	150318	12	13071	IT	L5 IT_1	0.94	L5 IT_1 (93.9%), L4/5 IT_2 (6.1%)	L5 IT ALM Tmem163 Arhgap25 (78.0%), L5 IT ALM Lypd1 Gpr88 (19.0%)	2019	741.32	Fede, Ray	6	742	0	0	1844			3.7	12.2	79.9	33-34
175	20200414_sample_16	20200414_slice_3	2020-04-14	sample 16	mouse_SCEAC	2019-09-15	212	F	Sst-IRES-Cre/wt; Ai9/wt	5	5	SST-	1586863	290380	71165	12	12852	IT	L5 IT_1	0.98	L5 IT_1 (97.9%)	L5 IT ALM Cpa6 Gpr88 (100.0%)	1994	757.73	Fede, Ray	7	712	0	0	1844			3.9	9.3	60.8	33-34
176	20200414_sample_17	20200414_slice_3	2020-04-14	sample 17	mouse_SCEAC	2019-09-15	212	F	Sst-IRES-Cre/wt; Ai9/wt	5	5	SST-	1683904	383712	110408	12	12393	IT	L4/5 IT_2	0.97	L4/5 IT_2 (96.7%)	L5 IT ALM Lypd1 Gpr88 (100.0%)	1974	545.17	Fede, Ray	7	648	0	0	1844			3.5	14.7	86.5	33-34
177	20200414_sample_18	20200414_slice_3	2020-04-14	sample 18	mouse_SCEAC	2019-09-15	212	F	Sst-IRES-Cre/wt; Ai9/wt	5	5	SST-	1510434	1421032	247162	12	12390	IT	L4/5 IT_2	0.78	L4/5 IT_2 (78.0%), L5 IT_1 (14.1%), L5 ET_1 (4.1%)	L5 IT VISp Hsd11b1 Endou (90.0%), L5 IT ALM Tmem163 Dmrtb1 (5.0%)	1928	362.95	Fede, Ray	8	649	0	0	1844			4	12.3	103.5	33-34
178	20200414_sample_19	20200414_slice_3	2020-04-14	sample 19	mouse_SCEAC	2019-09-15	212	F	Sst-IRES-Cre/wt; Ai9/wt	5	5	SST-	1571880	1674535	271715	12	13866	IT	L4/5 IT_2	0.52	L4/5 IT_2 (52.4%), L5 IT_1 (43.7%)	L5 IT VISp Hsd11b1 Endou (46.0%), L5 IT ALM Lypd1 Gpr88 (26.0%), L5 IT VISp Whrn Tox2 (14.0%)	1707	498.28	Fede, Ray	7	648	0	0	1844			3.9	14.8	101.2	33-34
179	20200414_sample_21	20200414_slice_3	2020-04-14	sample 21	mouse_SCEAC	2019-09-15	212	F	Sst-IRES-Cre/wt; Ai9/wt	5	5	SST-	977401	309661	56247	12	6876	NP	L5/6 NP CT	0.21	L5/6 NP CT (20.6%), L5 ET_1 (11.9%), L5 IT_1 (9.1%)	OPC Pdgfra Grm5 (92.0%), L5 PT VISp Lgr5 (3.0%)	1821	207.69	Fede, Ray	7	727	0	0	1844			3.9	9.6	45.4	33-34
180	20200414_sample_22	20200414_slice_3	2020-04-14	sample 22	mouse_SCEAC	2019-09-15	212	F	Sst-IRES-Cre/wt; Ai9/wt	5	5	SST+	1190218	447632	83887	12	10881	Sst	Sst Htr1a	0.55	Sst Htr1a (54.7%), Sst Myh8_2 (37.1%), Sst Myh8_3 (4.9%)	Sst Chrna2 Ptgdr (42.0%), Sst Hpse Sema3c (41.0%), Sst Tac2 Myh4 (17.0%)	1756	355.91	Fede, Ray	8	705	0	0	1844			3.9	19.7	172.4	33-34
181	20200414_sample_23	20200414_slice_3	2020-04-14	sample 23	mouse_SCEAC	2019-09-15	212	F	Sst-IRES-Cre/wt; Ai9/wt	5	5	SST-	811159	1075628	200236	12	12036	IT	L5 IT_1	0.96	L5 IT_1 (95.6%)	L5 IT VISp Hsd11b1 Endou (44.0%), L5 IT ALM Cpa6 Gpr88 (26.0%), L5 IT VISp Batf3 (22.0%)	2066	674.55	Fede, Ray	6	794	0	0	1844			3.9	16.8	157.3	33-34
182	20200414_sample_24	20200414_slice_3	2020-04-14	sample 24	mouse_SCEAC	2019-09-15	212	F	Sst-IRES-Cre/wt; Ai9/wt	5	5	SST-	1119081	1049183	164645	12	11083	IT	L5 IT_1	0.77	L5 IT_1 (76.9%), L4/5 IT_2 (13.4%), L5 ET_2 (3.1%)	L5 IT VISp Batf3 (48.0%), L5 IT VISp Hsd11b1 Endou (34.0%), L5 IT ALM Cpa6 Gpr88 (14.0%)	2020	288.99	Fede, Ray	6	836	0	0	1844			3.9	16.1	126.1	33-34
183	20200414_sample_25	20200414_slice_3	2020-04-14	sample 25	mouse_SCEAC	2019-09-15	212	F	Sst-IRES-Cre/wt; Ai9/wt	5	5	SST-	855105	1104532	227855	12	11119	IT	L4/5 IT_2	0.92	L4/5 IT_2 (92.3%), L5 ET_2 (3.9%)	L5 IT VISp Hsd11b1 Endou (74.0%), L5 IT ALM Lypd1 Gpr88 (22.0%)	1880	300.45	Fede, Ray	6	642	0	0	1844			4.2	10.1	44.3	33-34
184	20200414_sample_26	20200414_slice_3	2020-04-14	sample 26	mouse_SCEAC	2019-09-15	212	F	Sst-IRES-Cre/wt; Ai9/wt	5	5	SST-	657057	651646	188776	12	6676	IT	L4/5 IT_2	0.94	L4/5 IT_2 (93.7%), L4/5 IT_1 (3.3%)	L4 IT VISp Rspo1 (95.0%)	1923	133.72	Fede, Ray	6	573	0	0	1844			4.2	22.4	141.8	33-34
185	20200414_sample_27	20200414_slice_3	2020-04-14	sample 27	mouse_SCEAC	2019-09-15	212	F	Sst-IRES-Cre/wt; Ai9/wt	5	5	SST+	2676622	311589	86668	12	11947	Sst	Sst Calb2	0.66	Sst Calb2 (65.9%), Sst Hpse (31.7%)	Sst Hpse Cbln4 (94.0%), Sst Calb2 Pdlim5 (6.0%)	1909	561.24	Fede, Ray	7	575	0	0	1844			3.5	19.4	152.9	33-34
